{
"skeleton": { "hash": "Qm9j4yZ3y5WKF6xGhzndLyOEnj4", "spine": "3.7-from-3.8.75", "x": -157.73, "y": -4, "width": 248.73, "height": 288 },
"bones": [
	{ "name": "root" },
	{ "name": "torso", "parent": "root", "length": 65.77, "rotation": 98.2, "x": 8.05, "y": 131.63 },
	{ "name": "neck", "parent": "torso", "length": 21.39, "rotation": -10.43, "x": 72.87, "y": 0.83 },
	{ "name": "head", "parent": "neck", "length": 46.73, "rotation": 3.2, "x": 25.89, "y": 0.49 },
	{ "name": "right-shoulder", "parent": "torso", "length": 41.22, "rotation": 127.02, "x": 68.77, "y": 25.99 },
	{ "name": "right-arm", "parent": "right-shoulder", "length": 35.13, "rotation": 19.95, "x": 41.47, "y": 0.74 },
	{ "name": "right-hand", "parent": "right-arm", "length": 22.47, "rotation": 17.36, "x": 37.21, "y": 0.14 },
	{ "name": "left-shoulder", "parent": "torso", "length": 35.91, "rotation": -147.12, "x": 69.12, "y": -12.97 },
	{ "name": "left-arm", "parent": "left-shoulder", "length": 32.66, "rotation": 6.07, "x": 36.85, "y": 0.56 },
	{ "name": "left-hand", "parent": "left-arm", "length": 20.41, "rotation": 25.03, "x": 34.62, "y": -0.07 },
	{ "name": "right-upper-leg", "parent": "root", "length": 47.86, "rotation": -106.86, "x": -11.87, "y": 116.18 },
	{ "name": "right-lower-leg", "parent": "right-upper-leg", "length": 49.52, "rotation": 7.99, "x": 48.54, "y": -3.42 },
	{ "name": "right-foot", "parent": "right-lower-leg", "length": 31.73, "rotation": 85.59, "x": 59.9, "y": -5.76 },
	{ "name": "left-upper-leg", "parent": "root", "length": 48.93, "rotation": -89.19, "x": 17.63, "y": 116.88 },
	{ "name": "left-lower-leg", "parent": "left-upper-leg", "length": 43.73, "rotation": -2.18, "x": 56.5, "y": -4.62 },
	{ "name": "left-foot", "parent": "left-lower-leg", "length": 27.56, "rotation": 80.48, "x": 50.34, "y": -0.54 },
	{ "name": "undies", "parent": "torso", "length": 18.39, "rotation": -9.28, "x": -28.12, "y": 8.06 },
	{ "name": "dagger", "parent": "right-hand", "length": 72.94, "rotation": -100.94, "x": 18.12, "y": 13.16 }
],
"slots": [
	{ "name": "left-upper-leg", "bone": "left-upper-leg", "attachment": "left-upper-leg" },
	{ "name": "left-lower-leg", "bone": "left-lower-leg", "attachment": "left-lower-leg" },
	{ "name": "left-foot", "bone": "left-foot", "attachment": "left-foot" },
	{ "name": "spear", "bone": "root" },
	{ "name": "neck", "bone": "neck", "attachment": "neck" },
	{ "name": "left-arm", "bone": "left-arm", "attachment": "left-arm" },
	{ "name": "left-hand", "bone": "left-hand", "attachment": "left-hand" },
	{ "name": "left-shoulder", "bone": "left-shoulder", "attachment": "left-shoulder" },
	{ "name": "torso", "bone": "torso", "attachment": "torso" },
	{ "name": "pelvis", "bone": "undies", "attachment": "pelvis" },
	{ "name": "right-lower-leg", "bone": "right-lower-leg", "attachment": "right-lower-leg" },
	{ "name": "right-foot", "bone": "right-foot", "attachment": "right-foot" },
	{ "name": "right-upper-leg", "bone": "right-upper-leg", "attachment": "right-upper-leg" },
	{ "name": "undies", "bone": "undies", "attachment": "undies" },
	{ "name": "undie-straps", "bone": "undies", "attachment": "undie-straps" },
	{ "name": "head", "bone": "head", "attachment": "head" },
	{ "name": "eyes-closed", "bone": "root" },
	{ "name": "shield", "bone": "root" },
	{ "name": "dagger", "bone": "dagger", "attachment": "dagger" },
	{ "name": "right-shoulder", "bone": "right-shoulder", "attachment": "right-shoulder" },
	{ "name": "right-arm", "bone": "right-arm", "attachment": "right-arm" },
	{ "name": "right-hand", "bone": "right-hand", "attachment": "right-hand" }
],
"animations": {
	"animation": {
		"bones": {
			"torso": {
				"translate": [
					{ "time": 0.0 },
					{ "time": 0.3333, "y": -4.8 },
					{ "time": 0.6667 }
				]
			},
			"right-shoulder": {
				"rotate": [
					{ "time": 0.0, "angle": 0.0 },
					{ "time": 0.3333, "angle": 8.39 },
					{ "time": 0.6667, "angle": 0.0 }
				]
			},
			"left-shoulder": {
				"rotate": [
					{ "time": 0.0, "angle": 0.0 },
					{ "time": 0.3333, "angle": -8.47 },
					{ "time": 0.6667, "angle": 0.0 }
				]
			}
		}
	}
},
"skins": {
	"default": {
		"right-hand": {
			"right-hand": { "x": 11.33, "y": 2.15, "rotation": 76.61, "width": 38, "height": 39 }
		},
		"dagger": {
			"dagger": { "x": 42.36, "y": 0.63, "rotation": 177.55, "width": 110, "height": 28 },
			"dagger02": {
				"x": 40.77,
				"y": -0.19,
				"scaleX": 0.1819,
				"scaleY": 0.1819,
				"rotation": -143.55,
				"width": 487,
				"height": 419
			}
		},
		"eyes-closed": {
			"eyes-closed": { "x": 9, "y": 259, "width": 36, "height": 14 }
		},
		"undies": {
			"undies": { "x": 9.94, "y": -4.72, "rotation": -88.92, "width": 38, "height": 31 }
		},
		"right-lower-leg": {
			"right-lower-leg": { "x": 24.41, "y": -2.55, "rotation": 98.87, "width": 37, "height": 78 }
		},
		"left-arm": {
			"left-arm": { "x": 18.94, "y": -0.82, "rotation": 42.85, "width": 40, "height": 36 }
		},
		"spear": {
			"spear": { "x": 73, "y": 184, "width": 24, "height": 370 }
		},
		"left-upper-leg": {
			"left-upper-leg": { "x": 26.37, "y": -0.5, "rotation": 89.19, "width": 35, "height": 75 }
		},
		"neck": {
			"neck": { "x": 15.11, "y": -0.35, "rotation": -88.94, "width": 38, "height": 43 }
		},
		"head": {
			"head": { "x": 21.66, "y": 11.48, "rotation": -90.97, "width": 105, "height": 66 }
		},
		"left-shoulder": {
			"left-shoulder": { "x": 19.51, "y": -1.8, "rotation": 48.92, "width": 39, "height": 42 }
		},
		"right-shoulder": {
			"right-shoulder": { "x": 19.81, "y": -0.02, "rotation": 135, "width": 41, "height": 44 }
		},
		"pelvis": {
			"pelvis": { "x": 12.77, "y": 4.34, "rotation": -88.92, "width": 64, "height": 45 }
		},
		"right-arm": {
			"right-arm": { "x": 16.13, "y": 0.9, "rotation": 93.96, "width": 25, "height": 52 }
		},
		"shield": {
			"shield": { "x": -57, "y": 115, "width": 72, "height": 74 }
		},
		"right-upper-leg": {
			"right-upper-leg": { "x": 23.2, "y": 1.67, "rotation": 106.86, "width": 36, "height": 65 }
		},
		"torso": {
			"torso": { "x": 30.29, "y": 3.17, "rotation": -99.37, "width": 70, "height": 98 }
		},
		"left-foot": {
			"left-foot": { "x": 10.75, "y": 4.61, "rotation": 10.89, "width": 67, "height": 33 }
		},
		"left-hand": {
			"left-hand": { "x": 10.59, "y": 3, "rotation": 17.82, "width": 38, "height": 43 }
		},
		"undie-straps": {
			"undie-straps": { "x": 21.84, "y": 1.01, "rotation": -88.92, "width": 57, "height": 21 }
		},
		"left-lower-leg": {
			"left-lower-leg": { "x": 21.33, "y": -0.3, "rotation": 91.36, "width": 32, "height": 72 }
		},
		"right-foot": {
			"right-foot": { "x": 18.87, "y": 5.55, "rotation": 13.28, "width": 65, "height": 35 }
		}
	}
}
}