{"skeleton":{"hash":"ensobM9czMhSbZBYWHasffpB3Gg","spine":"3.8.75"},"bones":[{"name":"root"}],"slots":[{"name":"left-upper-leg","bone":"root","attachment":"left-upper-leg"},{"name":"left-lower-leg","bone":"root","attachment":"left-lower-leg"},{"name":"left-foot","bone":"root","attachment":"left-foot"},{"name":"spear","bone":"root"},{"name":"neck","bone":"root","attachment":"neck"},{"name":"left-arm","bone":"root","attachment":"left-arm"},{"name":"left-hand","bone":"root","attachment":"left-hand"},{"name":"left-shoulder","bone":"root","attachment":"left-shoulder"},{"name":"torso","bone":"root","attachment":"torso"},{"name":"right-shoulder","bone":"root","attachment":"right-shoulder"},{"name":"right-arm","bone":"root","attachment":"right-arm"},{"name":"dagger","bone":"root","attachment":"dagger"},{"name":"right-hand","bone":"root","attachment":"right-hand"},{"name":"pelvis","bone":"root","attachment":"pelvis"},{"name":"right-lower-leg","bone":"root","attachment":"right-lower-leg"},{"name":"right-foot","bone":"root","attachment":"right-foot"},{"name":"right-upper-leg","bone":"root","attachment":"right-upper-leg"},{"name":"undies","bone":"root","attachment":"undies"},{"name":"undie-straps","bone":"root","attachment":"undie-straps"},{"name":"head","bone":"root","attachment":"head"},{"name":"eyes-closed","bone":"root"},{"name":"shield","bone":"root"}],"skins":[{"name":"default","attachments":{"right-hand":{"right-hand":{"x":-54,"y":118.5,"width":38,"height":39}},"shield":{"shield":{"x":-57,"y":115,"width":72,"height":74}},"dagger":{"dagger":{"x":-84,"y":112,"width":110,"height":28},"dagger02":{"x":-82.46,"y":112.89,"scaleX":0.1819,"scaleY":0.1819,"rotation":38.91,"width":487,"height":419}},"eyes-closed":{"eyes-closed":{"x":9,"y":259,"width":36,"height":14}},"undies":{"undies":{"x":9,"y":112.5,"width":38,"height":31}},"right-lower-leg":{"right-lower-leg":{"x":-35.5,"y":47,"width":37,"height":78}},"left-arm":{"left-arm":{"x":49,"y":161,"width":40,"height":36}},"spear":{"spear":{"x":73,"y":184,"width":24,"height":370}},"left-upper-leg":{"left-upper-leg":{"x":17.5,"y":90.5,"width":35,"height":75}},"neck":{"neck":{"x":-4,"y":218.5,"width":38,"height":43}},"head":{"head":{"x":-14.5,"y":251,"width":105,"height":66}},"left-shoulder":{"left-shoulder":{"x":22.5,"y":186,"width":39,"height":42}},"pelvis":{"pelvis":{"y":115.5,"width":64,"height":45}},"right-arm":{"right-arm":{"x":-56.5,"y":150,"width":25,"height":52}},"right-shoulder":{"right-shoulder":{"x":-41.5,"y":182,"width":41,"height":44}},"right-upper-leg":{"right-upper-leg":{"x":-17,"y":93.5,"width":36,"height":65}},"torso":{"torso":{"y":161,"width":70,"height":98}},"left-foot":{"left-foot":{"x":23.5,"y":12.5,"width":67,"height":33}},"left-hand":{"left-hand":{"x":72,"y":150.5,"width":38,"height":43}},"undie-straps":{"undie-straps":{"x":3.5,"y":124.5,"width":57,"height":21}},"left-lower-leg":{"left-lower-leg":{"x":13,"y":39,"width":32,"height":72}},"right-foot":{"right-foot":{"x":-24.5,"y":13.5,"width":65,"height":35}}}}],"animations":{"animation":{}}}